<?xml version="1.0" encoding="UTF-8"?>
<project-private xmlns="http://www.netbeans.org/ns/project-private/1">
    <data xmlns="http://www.netbeans.org/ns/make-project-private/1">
        <activeConfTypeElem>1</activeConfTypeElem>
        <activeConfIndexElem>0</activeConfIndexElem>
    </data>
    <editor-bookmarks xmlns="http://www.netbeans.org/ns/editor-bookmarks/2" lastBookmarkId="0"/>
    <open-files xmlns="http://www.netbeans.org/ns/projectui-open-files/2">
        <group>
            <file>file:/C:/Users/DanYell/Documents/cis17c_git2/projects/project_1/code/0_priorVersionsFromPrevClasses/cis17A_project_2_battleship_v9/TopPlyrsBrd.cpp</file>
            <file>file:/C:/Users/DanYell/Documents/cis17c_git2/projects/project_1/code/0_priorVersionsFromPrevClasses/cis17A_project_2_battleship_v9/main.cpp</file>
        </group>
    </open-files>
</project-private>
