<mxfile host="app.diagrams.net" modified="2023-05-23T06:33:15.933Z" agent="Mozilla/5.0 (Windows NT 10.0; Win64; x64; rv:109.0) Gecko/20100101 Firefox/113.0" etag="K8vFiwV4DEuYWztycKmT" version="21.3.2" type="device" pages="2">
  <diagram name="Page-1" id="KiDLHMA4P4xMxeWGvRhh">
    <mxGraphModel dx="1243" dy="702" grid="1" gridSize="10" guides="1" tooltips="1" connect="1" arrows="1" fold="1" page="1" pageScale="1" pageWidth="850" pageHeight="1100" math="0" shadow="0">
      <root>
        <mxCell id="0" />
        <mxCell id="1" parent="0" />
        <mxCell id="sAP1r-kRXibgDQuPw0md-21" style="edgeStyle=orthogonalEdgeStyle;rounded=0;orthogonalLoop=1;jettySize=auto;html=1;exitX=0.5;exitY=1;exitDx=0;exitDy=0;entryX=0.5;entryY=0;entryDx=0;entryDy=0;" parent="1" source="sAP1r-kRXibgDQuPw0md-1" target="sAP1r-kRXibgDQuPw0md-2" edge="1">
          <mxGeometry relative="1" as="geometry" />
        </mxCell>
        <mxCell id="sAP1r-kRXibgDQuPw0md-1" value="&lt;font style=&quot;font-size: 12px;&quot;&gt;&lt;b&gt;startScreen.html&lt;/b&gt;&lt;/font&gt;" style="shape=process;whiteSpace=wrap;html=1;backgroundOutline=1;" parent="1" vertex="1">
          <mxGeometry x="343" y="180" width="165" height="60" as="geometry" />
        </mxCell>
        <mxCell id="sAP1r-kRXibgDQuPw0md-22" style="edgeStyle=orthogonalEdgeStyle;rounded=0;orthogonalLoop=1;jettySize=auto;html=1;exitX=0.5;exitY=1;exitDx=0;exitDy=0;entryX=0.5;entryY=0;entryDx=0;entryDy=0;" parent="1" source="sAP1r-kRXibgDQuPw0md-2" target="sAP1r-kRXibgDQuPw0md-3" edge="1">
          <mxGeometry relative="1" as="geometry" />
        </mxCell>
        <mxCell id="sAP1r-kRXibgDQuPw0md-2" value="&lt;font style=&quot;font-size: 12px;&quot;&gt;&lt;b&gt;login.html&lt;/b&gt;&lt;/font&gt;" style="shape=process;whiteSpace=wrap;html=1;backgroundOutline=1;" parent="1" vertex="1">
          <mxGeometry x="343" y="280" width="165" height="60" as="geometry" />
        </mxCell>
        <mxCell id="sAP1r-kRXibgDQuPw0md-14" style="edgeStyle=orthogonalEdgeStyle;rounded=0;orthogonalLoop=1;jettySize=auto;html=1;exitX=0;exitY=0.5;exitDx=0;exitDy=0;entryX=0.5;entryY=0;entryDx=0;entryDy=0;" parent="1" source="sAP1r-kRXibgDQuPw0md-3" target="sAP1r-kRXibgDQuPw0md-4" edge="1">
          <mxGeometry relative="1" as="geometry" />
        </mxCell>
        <mxCell id="sAP1r-kRXibgDQuPw0md-16" style="edgeStyle=orthogonalEdgeStyle;rounded=0;orthogonalLoop=1;jettySize=auto;html=1;entryX=0.5;entryY=0;entryDx=0;entryDy=0;" parent="1" source="sAP1r-kRXibgDQuPw0md-3" target="sAP1r-kRXibgDQuPw0md-5" edge="1">
          <mxGeometry relative="1" as="geometry" />
        </mxCell>
        <mxCell id="sAP1r-kRXibgDQuPw0md-3" value="&lt;b&gt;login === true&lt;/b&gt;" style="rhombus;whiteSpace=wrap;html=1;" parent="1" vertex="1">
          <mxGeometry x="365.5" y="380" width="120" height="90" as="geometry" />
        </mxCell>
        <mxCell id="sAP1r-kRXibgDQuPw0md-15" style="edgeStyle=orthogonalEdgeStyle;rounded=0;orthogonalLoop=1;jettySize=auto;html=1;exitX=0.5;exitY=1;exitDx=0;exitDy=0;entryX=0.5;entryY=0;entryDx=0;entryDy=0;" parent="1" source="sAP1r-kRXibgDQuPw0md-4" target="sAP1r-kRXibgDQuPw0md-10" edge="1">
          <mxGeometry relative="1" as="geometry" />
        </mxCell>
        <mxCell id="sAP1r-kRXibgDQuPw0md-4" value="&lt;b&gt;Query mySQL&lt;br&gt;&lt;/b&gt;" style="shape=process;whiteSpace=wrap;html=1;backgroundOutline=1;" parent="1" vertex="1">
          <mxGeometry x="200.5" y="460" width="165" height="60" as="geometry" />
        </mxCell>
        <mxCell id="sAP1r-kRXibgDQuPw0md-17" style="edgeStyle=orthogonalEdgeStyle;rounded=0;orthogonalLoop=1;jettySize=auto;html=1;exitX=0.5;exitY=1;exitDx=0;exitDy=0;entryX=0.5;entryY=0;entryDx=0;entryDy=0;" parent="1" source="sAP1r-kRXibgDQuPw0md-5" target="sAP1r-kRXibgDQuPw0md-6" edge="1">
          <mxGeometry relative="1" as="geometry" />
        </mxCell>
        <mxCell id="sAP1r-kRXibgDQuPw0md-5" value="&lt;div&gt;&lt;b&gt;Show create&lt;/b&gt;&lt;/div&gt;&lt;div&gt;&lt;b&gt;Account form&lt;/b&gt;&lt;/div&gt;" style="shape=process;whiteSpace=wrap;html=1;backgroundOutline=1;" parent="1" vertex="1">
          <mxGeometry x="500" y="460" width="165" height="60" as="geometry" />
        </mxCell>
        <mxCell id="sAP1r-kRXibgDQuPw0md-18" style="edgeStyle=orthogonalEdgeStyle;rounded=0;orthogonalLoop=1;jettySize=auto;html=1;exitX=0.5;exitY=1;exitDx=0;exitDy=0;entryX=0.5;entryY=0;entryDx=0;entryDy=0;" parent="1" source="sAP1r-kRXibgDQuPw0md-6" target="sAP1r-kRXibgDQuPw0md-7" edge="1">
          <mxGeometry relative="1" as="geometry" />
        </mxCell>
        <mxCell id="sAP1r-kRXibgDQuPw0md-6" value="&lt;b&gt;getForm.html&lt;br&gt;&lt;/b&gt;" style="shape=process;whiteSpace=wrap;html=1;backgroundOutline=1;" parent="1" vertex="1">
          <mxGeometry x="500" y="550" width="165" height="60" as="geometry" />
        </mxCell>
        <mxCell id="sAP1r-kRXibgDQuPw0md-19" style="edgeStyle=orthogonalEdgeStyle;rounded=0;orthogonalLoop=1;jettySize=auto;html=1;exitX=0.5;exitY=1;exitDx=0;exitDy=0;entryX=0.5;entryY=0;entryDx=0;entryDy=0;" parent="1" source="sAP1r-kRXibgDQuPw0md-7" target="sAP1r-kRXibgDQuPw0md-8" edge="1">
          <mxGeometry relative="1" as="geometry" />
        </mxCell>
        <mxCell id="sAP1r-kRXibgDQuPw0md-7" value="&lt;b&gt;getForm.js&lt;/b&gt;" style="shape=process;whiteSpace=wrap;html=1;backgroundOutline=1;" parent="1" vertex="1">
          <mxGeometry x="500" y="650" width="165" height="60" as="geometry" />
        </mxCell>
        <mxCell id="sAP1r-kRXibgDQuPw0md-20" style="edgeStyle=orthogonalEdgeStyle;rounded=0;orthogonalLoop=1;jettySize=auto;html=1;exitX=0.5;exitY=1;exitDx=0;exitDy=0;entryX=1;entryY=0.5;entryDx=0;entryDy=0;" parent="1" source="sAP1r-kRXibgDQuPw0md-8" target="sAP1r-kRXibgDQuPw0md-1" edge="1">
          <mxGeometry relative="1" as="geometry">
            <Array as="points">
              <mxPoint x="583" y="830" />
              <mxPoint x="780" y="830" />
              <mxPoint x="780" y="210" />
            </Array>
          </mxGeometry>
        </mxCell>
        <mxCell id="sAP1r-kRXibgDQuPw0md-8" value="&lt;div&gt;&lt;b&gt;Post profile&lt;/b&gt;&lt;/div&gt;&lt;div&gt;&lt;b&gt;to mySQL&lt;/b&gt;&lt;/div&gt;" style="shape=process;whiteSpace=wrap;html=1;backgroundOutline=1;" parent="1" vertex="1">
          <mxGeometry x="500" y="750" width="165" height="60" as="geometry" />
        </mxCell>
        <mxCell id="sAP1r-kRXibgDQuPw0md-28" style="edgeStyle=orthogonalEdgeStyle;rounded=0;orthogonalLoop=1;jettySize=auto;html=1;exitX=0.5;exitY=1;exitDx=0;exitDy=0;entryX=0.5;entryY=0;entryDx=0;entryDy=0;" parent="1" source="sAP1r-kRXibgDQuPw0md-10" target="sAP1r-kRXibgDQuPw0md-23" edge="1">
          <mxGeometry relative="1" as="geometry" />
        </mxCell>
        <mxCell id="sAP1r-kRXibgDQuPw0md-10" value="&lt;b&gt;ScoreCard.html&lt;br&gt;&lt;/b&gt;" style="shape=process;whiteSpace=wrap;html=1;backgroundOutline=1;" parent="1" vertex="1">
          <mxGeometry x="200.5" y="560" width="165" height="60" as="geometry" />
        </mxCell>
        <mxCell id="sAP1r-kRXibgDQuPw0md-11" value="&lt;b&gt;&lt;font style=&quot;font-size: 14px;&quot;&gt;Yes&lt;/font&gt;&lt;/b&gt;" style="text;strokeColor=none;align=center;fillColor=none;html=1;verticalAlign=middle;whiteSpace=wrap;rounded=0;" parent="1" vertex="1">
          <mxGeometry x="290" y="380" width="60" height="30" as="geometry" />
        </mxCell>
        <mxCell id="sAP1r-kRXibgDQuPw0md-12" value="&lt;b&gt;No&lt;/b&gt;" style="text;strokeColor=none;align=center;fillColor=none;html=1;verticalAlign=middle;whiteSpace=wrap;rounded=0;" parent="1" vertex="1">
          <mxGeometry x="500" y="380" width="60" height="30" as="geometry" />
        </mxCell>
        <mxCell id="sAP1r-kRXibgDQuPw0md-27" style="edgeStyle=orthogonalEdgeStyle;rounded=0;orthogonalLoop=1;jettySize=auto;html=1;entryX=0.5;entryY=0;entryDx=0;entryDy=0;" parent="1" source="sAP1r-kRXibgDQuPw0md-23" target="sAP1r-kRXibgDQuPw0md-24" edge="1">
          <mxGeometry relative="1" as="geometry">
            <mxPoint x="92.5" y="730" as="targetPoint" />
          </mxGeometry>
        </mxCell>
        <mxCell id="sAP1r-kRXibgDQuPw0md-37" style="edgeStyle=orthogonalEdgeStyle;rounded=0;orthogonalLoop=1;jettySize=auto;html=1;entryX=0.5;entryY=0;entryDx=0;entryDy=0;" parent="1" source="sAP1r-kRXibgDQuPw0md-23" target="sAP1r-kRXibgDQuPw0md-25" edge="1">
          <mxGeometry relative="1" as="geometry" />
        </mxCell>
        <mxCell id="sAP1r-kRXibgDQuPw0md-23" value="&lt;div&gt;&lt;b&gt;player1 hiScore &lt;br&gt;&lt;/b&gt;&lt;/div&gt;&lt;div&gt;&lt;b&gt;=== true&lt;/b&gt;&lt;/div&gt;" style="rhombus;whiteSpace=wrap;html=1;" parent="1" vertex="1">
          <mxGeometry x="198" y="660" width="170" height="90" as="geometry" />
        </mxCell>
        <mxCell id="TWKks78TWV0YDFcwcfVe-1" style="edgeStyle=orthogonalEdgeStyle;rounded=0;orthogonalLoop=1;jettySize=auto;html=1;entryX=0;entryY=0.5;entryDx=0;entryDy=0;exitX=0.5;exitY=1;exitDx=0;exitDy=0;" edge="1" parent="1" source="sAP1r-kRXibgDQuPw0md-24" target="sAP1r-kRXibgDQuPw0md-25">
          <mxGeometry relative="1" as="geometry" />
        </mxCell>
        <mxCell id="sAP1r-kRXibgDQuPw0md-24" value="&lt;div&gt;&lt;b&gt;Post new hiScore&lt;/b&gt;&lt;/div&gt;&lt;div&gt;&lt;b&gt;&amp;nbsp;to mySQL&lt;/b&gt;&lt;/div&gt;" style="shape=process;whiteSpace=wrap;html=1;backgroundOutline=1;" parent="1" vertex="1">
          <mxGeometry x="20" y="750" width="165" height="60" as="geometry" />
        </mxCell>
        <mxCell id="sAP1r-kRXibgDQuPw0md-25" value="&lt;div&gt;&lt;b&gt;End&lt;/b&gt;&lt;/div&gt;&lt;div&gt;&lt;b&gt;reload&lt;/b&gt;&lt;/div&gt;&lt;div&gt;&lt;b&gt;page&lt;br&gt;&lt;/b&gt;&lt;/div&gt;" style="ellipse;whiteSpace=wrap;html=1;aspect=fixed;" parent="1" vertex="1">
          <mxGeometry x="385.5" y="920" width="80" height="80" as="geometry" />
        </mxCell>
        <mxCell id="sAP1r-kRXibgDQuPw0md-29" value="&lt;b&gt;&lt;font style=&quot;font-size: 14px;&quot;&gt;Yes&lt;/font&gt;&lt;/b&gt;" style="text;strokeColor=none;align=center;fillColor=none;html=1;verticalAlign=middle;whiteSpace=wrap;rounded=0;" parent="1" vertex="1">
          <mxGeometry x="138" y="665" width="60" height="30" as="geometry" />
        </mxCell>
        <mxCell id="sAP1r-kRXibgDQuPw0md-30" value="&lt;b&gt;No&lt;/b&gt;" style="text;strokeColor=none;align=center;fillColor=none;html=1;verticalAlign=middle;whiteSpace=wrap;rounded=0;" parent="1" vertex="1">
          <mxGeometry x="368" y="665" width="60" height="30" as="geometry" />
        </mxCell>
        <mxCell id="sAP1r-kRXibgDQuPw0md-33" value="&lt;div&gt;&lt;font style=&quot;font-size: 18px;&quot;&gt;&lt;b&gt;Yahtzee&lt;/b&gt;&lt;/font&gt;&lt;/div&gt;&lt;div&gt;&lt;font size=&quot;3&quot;&gt;&lt;b&gt;Flowchart&lt;br&gt;&lt;/b&gt;&lt;/font&gt;&lt;/div&gt;" style="text;strokeColor=none;align=center;fillColor=none;html=1;verticalAlign=middle;whiteSpace=wrap;rounded=0;" parent="1" vertex="1">
          <mxGeometry x="80" y="40" width="130" height="70" as="geometry" />
        </mxCell>
        <mxCell id="sAP1r-kRXibgDQuPw0md-36" style="edgeStyle=orthogonalEdgeStyle;rounded=0;orthogonalLoop=1;jettySize=auto;html=1;entryX=0.5;entryY=0;entryDx=0;entryDy=0;" parent="1" source="sAP1r-kRXibgDQuPw0md-35" target="sAP1r-kRXibgDQuPw0md-1" edge="1">
          <mxGeometry relative="1" as="geometry" />
        </mxCell>
        <mxCell id="sAP1r-kRXibgDQuPw0md-35" value="&lt;div&gt;&lt;b&gt;start&lt;/b&gt;&lt;/div&gt;&lt;div&gt;&lt;b&gt;load&lt;/b&gt;&lt;/div&gt;&lt;div&gt;&lt;b&gt;page&lt;br&gt;&lt;/b&gt;&lt;/div&gt;" style="ellipse;whiteSpace=wrap;html=1;aspect=fixed;" parent="1" vertex="1">
          <mxGeometry x="385" y="40" width="80" height="80" as="geometry" />
        </mxCell>
      </root>
    </mxGraphModel>
  </diagram>
  <diagram id="fERD3o_QgkOp9A4JKXEA" name="ScoreCard.html">
    <mxGraphModel dx="1243" dy="702" grid="1" gridSize="10" guides="1" tooltips="1" connect="1" arrows="1" fold="1" page="1" pageScale="1" pageWidth="850" pageHeight="1100" math="0" shadow="0">
      <root>
        <mxCell id="0" />
        <mxCell id="1" parent="0" />
        <mxCell id="z5s8c2FfgVkcBf2NFqrK-4" style="edgeStyle=orthogonalEdgeStyle;rounded=0;orthogonalLoop=1;jettySize=auto;html=1;entryX=0.5;entryY=0;entryDx=0;entryDy=0;" edge="1" parent="1" source="1z6FFqWO4hCYISKsAp6H-1" target="z5s8c2FfgVkcBf2NFqrK-1">
          <mxGeometry relative="1" as="geometry" />
        </mxCell>
        <mxCell id="1z6FFqWO4hCYISKsAp6H-1" value="&lt;div&gt;&lt;b&gt;start&lt;/b&gt;&lt;/div&gt;&lt;div&gt;&lt;b&gt;load&lt;/b&gt;&lt;/div&gt;&lt;div&gt;&lt;b&gt;page&lt;br&gt;&lt;/b&gt;&lt;/div&gt;" style="ellipse;whiteSpace=wrap;html=1;aspect=fixed;" vertex="1" parent="1">
          <mxGeometry x="385.5" y="30" width="80" height="80" as="geometry" />
        </mxCell>
        <mxCell id="LVABis2wxIufee017gkB-1" value="&lt;div&gt;&lt;font style=&quot;font-size: 18px;&quot;&gt;&lt;b&gt;ScoreCard.html&lt;/b&gt;&lt;/font&gt;&lt;/div&gt;&lt;div&gt;&lt;font size=&quot;3&quot;&gt;&lt;b&gt;Flowchart&lt;br&gt;&lt;/b&gt;&lt;/font&gt;&lt;/div&gt;" style="text;strokeColor=none;align=center;fillColor=none;html=1;verticalAlign=middle;whiteSpace=wrap;rounded=0;" vertex="1" parent="1">
          <mxGeometry x="80" y="40" width="130" height="70" as="geometry" />
        </mxCell>
        <mxCell id="z5s8c2FfgVkcBf2NFqrK-5" style="edgeStyle=orthogonalEdgeStyle;rounded=0;orthogonalLoop=1;jettySize=auto;html=1;entryX=0.5;entryY=0;entryDx=0;entryDy=0;" edge="1" parent="1" source="z5s8c2FfgVkcBf2NFqrK-1" target="z5s8c2FfgVkcBf2NFqrK-2">
          <mxGeometry relative="1" as="geometry" />
        </mxCell>
        <mxCell id="z5s8c2FfgVkcBf2NFqrK-1" value="&lt;b&gt;ScoreCard.html&lt;br&gt;&lt;/b&gt;" style="shape=process;whiteSpace=wrap;html=1;backgroundOutline=1;" vertex="1" parent="1">
          <mxGeometry x="343" y="190" width="165" height="60" as="geometry" />
        </mxCell>
        <mxCell id="z5s8c2FfgVkcBf2NFqrK-6" style="edgeStyle=orthogonalEdgeStyle;rounded=0;orthogonalLoop=1;jettySize=auto;html=1;exitX=0.5;exitY=1;exitDx=0;exitDy=0;entryX=0.5;entryY=0;entryDx=0;entryDy=0;" edge="1" parent="1" source="z5s8c2FfgVkcBf2NFqrK-2" target="z5s8c2FfgVkcBf2NFqrK-3">
          <mxGeometry relative="1" as="geometry" />
        </mxCell>
        <mxCell id="z5s8c2FfgVkcBf2NFqrK-2" value="&lt;div&gt;&lt;b&gt;Yahtzee.js&lt;/b&gt;&lt;/div&gt;" style="shape=process;whiteSpace=wrap;html=1;backgroundOutline=1;" vertex="1" parent="1">
          <mxGeometry x="343" y="320" width="165" height="60" as="geometry" />
        </mxCell>
        <mxCell id="z5s8c2FfgVkcBf2NFqrK-3" value="ScoreCard.js" style="shape=process;whiteSpace=wrap;html=1;backgroundOutline=1;" vertex="1" parent="1">
          <mxGeometry x="343" y="450" width="165" height="60" as="geometry" />
        </mxCell>
      </root>
    </mxGraphModel>
  </diagram>
</mxfile>
